{"Total reviews": 32995, "Total words": 3833912, "Total sentences": 274947, "Average words per review": 116.19675708440673, "Average sentences per review": 8.332989846946507, "Average reviews per business": 32.995}